Workbook

Sheet information
B2: Nanopore barcoding (ITS5-ITS4)
B4: Forward primer: ITS5 (GGAAGTAAAAGTCGTAACAAGG)
B5: Reverse primer: ITS4 (TCCTCCGCTTATTGATATGC)
B6: Sample index length: 9 bp | Combinatorial indexing max. 40 x 36 primers → max. 15 plates
B7: These primers are suitable for most fungi
B10: PCR | F10: Example PCR mix using GoTaq G2 Master Mix
B11: Make sure to record the primer plate/DNA plate | F11: Reactions | G11: original conc. | H11: target conc. | I11: one reaction | J11: =ROUND(4*96*1.15,0) -> 442 | K11: 4 plates: 442 rxn | M11: Cycling | N11: Temperature | O11: Time
B12: combinations that you used. | F12: Master Mix | G12: 2 | H12: 1 | I12: =H12/G12*I$16 -> 5 | J12: =J$11*I12 -> 2210 | K12: = 4 x 96 + 15% | M12: Initial denat. | N12: 95 °C | O12: 2 min
B13: Never use the same primer plate twice within the | F13: Primer mix | G13: 5 | H13: 0.5 | I13: =2*H13/G13*I$16 -> 2 | M13: Denaturation | N13: 95 °C | O13: 30 s
B14: same Nanopore run. | F14: DNA | I14: 1 | K14: pre-dilute if necessary | M14: Annealing | N14: 52 °C | O14: 30 s
B15: Consider adding PCR negative controls, as they will | F15: water | I15: =I16-SUM(I12:I14) -> 2 | J15: =J$11*I15 -> 884 | M15: Extension | N15: 72 °C | O15: 75 s
B16: help to identify PCR contamination. | F16: total | I16: 10 | J16: =J$11*I16 -> 4420 | M16: Final extension | N16: 72 °C | O16: 5 min
M17: ~36 cycles (do enough cycles, at least part of samples should reach stationary phase of PCR)
B18: Proceed with pooling, library preparation and sequencing according to separate instructions (…) | M18: The final concentration should be somehow similar across a Nanopore run
B21: Prepare this metadata sheet
A23: 2) | B23: Add the sample names: | D23: - insert in the plates sheet if your samples are in the plate layout
D24: (samples are automatically found in the sample_list sheet)
D25: - insert in the sample_list sheet (sample column) if your sample names are associated
D26: with a well coordinate (use VLOOKUP if not in order)
A28: 3) | B28: Complete sample_list: | D28: taxon may contain taxonomic names (known or putative species name, Genus sp., etc.)
B29: (optional) | D29: (e.g. join on sample name with VLOOKUP)
D30: These will be compared to automatic sequence-based taxonomy assignments, to recognize contamination
D31: and/or highlight other problems (wrong identification, preparation errors)
D33: 'known sequence' may contain already known sequences (e.g. from Sanger sequencing)
D34: These will be compared to the Nanopore sequences
D36: 'sample type' can be helpful to distinguish control samples (positive or negative)
D37: from “real” samples
D38: This will show up in the final Excel report and in diagnostic plots
A40: 4) | B40: Place a copy of this Excel file as meta.xlsx in the run directory
B42: If pooling several primer combinations (different loci) in the same Nanopore run,
B43: prepare the Excel metadata sheets separately for each amplicon, then combine
B44: the content of both the sample_list and primers workbooks in a final meta.xlsx
B45: sheet (copy by value).
B46: Unused barcode combinations (empty sample column) are not strictly needed in sample_list.
B49: Run the analysis
B51: For details see:
B52: https://github.com/markschl/DadaNanoBC

Sheet plates
C1: Paste sample names for the corresponding DNA plates → they will appear in "sample_list"
P2: rows: barcoded forward primers (ITS5)
C3: bc019 | D3: bc062 | E3: bc065 | F3: bc082 | G3: bc120 | H3: bc139 | I3: bc145 | J3: bc150 | K3: bc183 | L3: bc218 | M3: bc219 | N3: bc245 | P3: columns: barcoded reverse primers (ITS4)
A4: Plate | B4: 1 | C4: 1 | D4: 2 | E4: 3 | F4: 4 | G4: 5 | H4: 6 | I4: 7 | J4: 8 | K4: 9 | L4: 10 | M4: 11 | N4: 12
A5: bc018 | B5: A
A6: bc060 | B6: B
A7: bc061 | B7: C
A8: bc062 | B8: D
A9: bc095 | B9: E
A10: bc139 | B10: F
A11: bc148 | B11: G
A12: bc157 | B12: H
A14: Plate | B14: 2 | C14: 1 | D14: 2 | E14: 3 | F14: 4 | G14: 5 | H14: 6 | I14: 7 | J14: 8 | K14: 9 | L14: 10 | M14: 11 | N14: 12
A15: bc168 | B15: A
A16: bc183 | B16: B
A17: bc192 | B17: C
A18: bc205 | B18: D
A19: bc219 | B19: E
A20: bc220 | B20: F
A21: bc258 | B21: G
A22: bc264 | B22: H
A24: Plate | B24: 3 | C24: 1 | D24: 2 | E24: 3 | F24: 4 | G24: 5 | H24: 6 | I24: 7 | J24: 8 | K24: 9 | L24: 10 | M24: 11 | N24: 12
A25: bc272 | B25: A
A26: bc277 | B26: B
A27: bc282 | B27: C
A28: bc286 | B28: D
A29: bc298 | B29: E
A30: bc314 | B30: F
A31: bc321 | B31: G
A32: bc324 | B32: H
A34: Plate | B34: 4 | C34: 1 | D34: 2 | E34: 3 | F34: 4 | G34: 5 | H34: 6 | I34: 7 | J34: 8 | K34: 9 | L34: 10 | M34: 11 | N34: 12
A35: bc327 | B35: A
A36: bc357 | B36: B
A37: bc361 | B37: C
A38: bc362 | B38: D
A39: bc368 | B39: E
A40: bc370 | B40: F
A41: bc377 | B41: G
A42: bc406 | B42: H
A44: Plate | B44: 5 | C44: 1 | D44: 2 | E44: 3 | F44: 4 | G44: 5 | H44: 6 | I44: 7 | J44: 8 | K44: 9 | L44: 10 | M44: 11 | N44: 12
A45: bc411 | B45: A
A46: bc418 | B46: B
A47: bc449 | B47: C
A48: bc462 | B48: D
A49: bc485 | B49: E
A50: bc486 | B50: F
A51: bc494 | B51: G
A52: bc538 | B52: H
C54: bc247 | D54: bc286 | E54: bc298 | F54: bc310 | G54: bc314 | H54: bc336 | I54: bc365 | J54: bc370 | K54: bc387 | L54: bc388 | M54: bc396 | N54: bc397
A55: Plate | B55: 6 | C55: 1 | D55: 2 | E55: 3 | F55: 4 | G55: 5 | H55: 6 | I55: 7 | J55: 8 | K55: 9 | L55: 10 | M55: 11 | N55: 12
A56: bc018 | B56: A
A57: bc060 | B57: B
A58: bc061 | B58: C
A59: bc062 | B59: D
A60: bc095 | B60: E
A61: bc139 | B61: F
A62: bc148 | B62: G
A63: bc157 | B63: H
A65: Plate | B65: 7 | C65: 1 | D65: 2 | E65: 3 | F65: 4 | G65: 5 | H65: 6 | I65: 7 | J65: 8 | K65: 9 | L65: 10 | M65: 11 | N65: 12
A66: bc168 | B66: A
A67: bc183 | B67: B
A68: bc192 | B68: C
A69: bc205 | B69: D
A70: bc219 | B70: E
A71: bc220 | B71: F
A72: bc258 | B72: G
A73: bc264 | B73: H
A75: Plate | B75: 8 | C75: 1 | D75: 2 | E75: 3 | F75: 4 | G75: 5 | H75: 6 | I75: 7 | J75: 8 | K75: 9 | L75: 10 | M75: 11 | N75: 12
A76: bc272 | B76: A
A77: bc277 | B77: B
A78: bc282 | B78: C
A79: bc286 | B79: D
A80: bc298 | B80: E
A81: bc314 | B81: F
A82: bc321 | B82: G
A83: bc324 | B83: H
A85: Plate | B85: 9 | C85: 1 | D85: 2 | E85: 3 | F85: 4 | G85: 5 | H85: 6 | I85: 7 | J85: 8 | K85: 9 | L85: 10 | M85: 11 | N85: 12
A86: bc327 | B86: A
A87: bc357 | B87: B
A88: bc361 | B88: C
A89: bc362 | B89: D
A90: bc368 | B90: E
A91: bc370 | B91: F
A92: bc377 | B92: G
A93: bc406 | B93: H
A95: Plate | B95: 10 | C95: 1 | D95: 2 | E95: 3 | F95: 4 | G95: 5 | H95: 6 | I95: 7 | J95: 8 | K95: 9 | L95: 10 | M95: 11 | N95: 12
A96: bc411 | B96: A
A97: bc418 | B97: B
A98: bc449 | B98: C
A99: bc462 | B99: D
A100: bc485 | B100: E
A101: bc486 | B101: F
A102: bc494 | B102: G
A103: bc538 | B103: H
C105: bc411 | D105: bc413 | E105: bc414 | F105: bc418 | G105: bc436 | H105: bc471 | I105: bc488 | J105: bc497 | K105: bc500 | L105: bc508 | M105: bc516 | N105: bc538
A106: Plate | B106: 11 | C106: 1 | D106: 2 | E106: 3 | F106: 4 | G106: 5 | H106: 6 | I106: 7 | J106: 8 | K106: 9 | L106: 10 | M106: 11 | N106: 12
A107: bc018 | B107: A
A108: bc060 | B108: B
A109: bc061 | B109: C
A110: bc062 | B110: D
...

Sheet sample_list
A1: plate | B1: well | C1: amplicon | D1: indexes | E1: sample | F1: sample type | G1: taxon | H1: known sequence
A2: 1 | B2: A01 | C2: ITS5-ITS4 | D2: =OFFSET(plates!$B$4,CODE(LEFT(B2,1))-64,-1)&"-"&OFFSET(plates!$B$4,-1,MID(B2,2,3)+0) -> bc018-bc019 | E2: =OFFSET(plates!$B$4,CODE(LEFT(B2,1))-64,MID(B2,2,3)+0)&""
A3: 1 | B3: B01 | C3: ITS5-ITS4 | D3: =OFFSET(plates!$B$4,CODE(LEFT(B3,1))-64,-1)&"-"&OFFSET(plates!$B$4,-1,MID(B3,2,3)+0) -> bc060-bc019 | E3: =OFFSET(plates!$B$4,CODE(LEFT(B3,1))-64,MID(B3,2,3)+0)&""
A4: 1 | B4: C01 | C4: ITS5-ITS4 | D4: =OFFSET(plates!$B$4,CODE(LEFT(B4,1))-64,-1)&"-"&OFFSET(plates!$B$4,-1,MID(B4,2,3)+0) -> bc061-bc019 | E4: =OFFSET(plates!$B$4,CODE(LEFT(B4,1))-64,MID(B4,2,3)+0)&""
A5: 1 | B5: D01 | C5: ITS5-ITS4 | D5: =OFFSET(plates!$B$4,CODE(LEFT(B5,1))-64,-1)&"-"&OFFSET(plates!$B$4,-1,MID(B5,2,3)+0) -> bc062-bc019 | E5: =OFFSET(plates!$B$4,CODE(LEFT(B5,1))-64,MID(B5,2,3)+0)&""
A6: 1 | B6: E01 | C6: ITS5-ITS4 | D6: =OFFSET(plates!$B$4,CODE(LEFT(B6,1))-64,-1)&"-"&OFFSET(plates!$B$4,-1,MID(B6,2,3)+0) -> bc095-bc019 | E6: =OFFSET(plates!$B$4,CODE(LEFT(B6,1))-64,MID(B6,2,3)+0)&""
A7: 1 | B7: F01 | C7: ITS5-ITS4 | D7: =OFFSET(plates!$B$4,CODE(LEFT(B7,1))-64,-1)&"-"&OFFSET(plates!$B$4,-1,MID(B7,2,3)+0) -> bc139-bc019 | E7: =OFFSET(plates!$B$4,CODE(LEFT(B7,1))-64,MID(B7,2,3)+0)&""
A8: 1 | B8: G01 | C8: ITS5-ITS4 | D8: =OFFSET(plates!$B$4,CODE(LEFT(B8,1))-64,-1)&"-"&OFFSET(plates!$B$4,-1,MID(B8,2,3)+0) -> bc148-bc019 | E8: =OFFSET(plates!$B$4,CODE(LEFT(B8,1))-64,MID(B8,2,3)+0)&""
A9: 1 | B9: H01 | C9: ITS5-ITS4 | D9: =OFFSET(plates!$B$4,CODE(LEFT(B9,1))-64,-1)&"-"&OFFSET(plates!$B$4,-1,MID(B9,2,3)+0) -> bc157-bc019 | E9: =OFFSET(plates!$B$4,CODE(LEFT(B9,1))-64,MID(B9,2,3)+0)&""
A10: 1 | B10: A02 | C10: ITS5-ITS4 | D10: =OFFSET(plates!$B$4,CODE(LEFT(B10,1))-64,-1)&"-"&OFFSET(plates!$B$4,-1,MID(B10,2,3)+0) -> bc018-bc062 | E10: =OFFSET(plates!$B$4,CODE(LEFT(B10,1))-64,MID(B10,2,3)+0)&""
A11: 1 | B11: B02 | C11: ITS5-ITS4 | D11: =OFFSET(plates!$B$4,CODE(LEFT(B11,1))-64,-1)&"-"&OFFSET(plates!$B$4,-1,MID(B11,2,3)+0) -> bc060-bc062 | E11: =OFFSET(plates!$B$4,CODE(LEFT(B11,1))-64,MID(B11,2,3)+0)&""
A12: 1 | B12: C02 | C12: ITS5-ITS4 | D12: =OFFSET(plates!$B$4,CODE(LEFT(B12,1))-64,-1)&"-"&OFFSET(plates!$B$4,-1,MID(B12,2,3)+0) -> bc061-bc062 | E12: =OFFSET(plates!$B$4,CODE(LEFT(B12,1))-64,MID(B12,2,3)+0)&""
A13: 1 | B13: D02 | C13: ITS5-ITS4 | D13: =OFFSET(plates!$B$4,CODE(LEFT(B13,1))-64,-1)&"-"&OFFSET(plates!$B$4,-1,MID(B13,2,3)+0) -> bc062-bc062 | E13: =OFFSET(plates!$B$4,CODE(LEFT(B13,1))-64,MID(B13,2,3)+0)&""
... A97: 1 | B97: H12 | C97: ITS5-ITS4 | D97: =OFFSET(plates!$B$4,CODE(LEFT(B97,1))-64,-1)&"-"&OFFSET(plates!$B$4,-1,MID(B97,2,3)+0) -> bc157-bc245 | E97: =OFFSET(plates!$B$4,CODE(LEFT(B97,1))-64,MID(B97,2,3)+0)&""
A98: 2 | B98: A01 | C98: ITS5-ITS4 | D98: =OFFSET(plates!$B$14,CODE(LEFT(B98,1))-64,-1)&"-"&OFFSET(plates!$B$4,-1,MID(B98,2,3)+0) -> bc168-bc019 | E98: =OFFSET(plates!$B$14,CODE(LEFT(B98,1))-64,MID(B98,2,3)+0)&""
A99: 2 | B99: B01 | C99: ITS5-ITS4 | D99: =OFFSET(plates!$B$14,CODE(LEFT(B99,1))-64,-1)&"-"&OFFSET(plates!$B$4,-1,MID(B99,2,3)+0) -> bc183-bc019 | E99: =OFFSET(plates!$B$14,CODE(LEFT(B99,1))-64,MID(B99,2,3)+0)&""
A100: 2 | B100: C01 | C100: ITS5-ITS4 | D100: =OFFSET(plates!$B$14,CODE(LEFT(B100,1))-64,-1)&"-"&OFFSET(plates!$B$4,-1,MID(B100,2,3)+0) -> bc192-bc019 | E100: =OFFSET(plates!$B$14,CODE(LEFT(B100,1))-64,MID(B100,2,3)+0)&""
A101: 2 | B101: D01 | C101: ITS5-ITS4 | D101: =OFFSET(plates!$B$14,CODE(LEFT(B101,1))-64,-1)&"-"&OFFSET(plates!$B$4,-1,MID(B101,2,3)+0) -> bc205-bc019 | E101: =OFFSET(plates!$B$14,CODE(LEFT(B101,1))-64,MID(B101,2,3)+0)&""
A102: 2 | B102: E01 | C102: ITS5-ITS4 | D102: =OFFSET(plates!$B$14,CODE(LEFT(B102,1))-64,-1)&"-"&OFFSET(plates!$B$4,-1,MID(B102,2,3)+0) -> bc219-bc019 | E102: =OFFSET(plates!$B$14,CODE(LEFT(B102,1))-64,MID(B102,2,3)+0)&""
A103: 2 | B103: F01 | C103: ITS5-ITS4 | D103: =OFFSET(plates!$B$14,CODE(LEFT(B103,1))-64,-1)&"-"&OFFSET(plates!$B$4,-1,MID(B103,2,3)+0) -> bc220-bc019 | E103: =OFFSET(plates!$B$14,CODE(LEFT(B103,1))-64,MID(B103,2,3)+0)&""
A104: 2 | B104: G01 | C104: ITS5-ITS4 | D104: =OFFSET(plates!$B$14,CODE(LEFT(B104,1))-64,-1)&"-"&OFFSET(plates!$B$4,-1,MID(B104,2,3)+0) -> bc258-bc019 | E104: =OFFSET(plates!$B$14,CODE(LEFT(B104,1))-64,MID(B104,2,3)+0)&""
A105: 2 | B105: H01 | C105: ITS5-ITS4 | D105: =OFFSET(plates!$B$14,CODE(LEFT(B105,1))-64,-1)&"-"&OFFSET(plates!$B$4,-1,MID(B105,2,3)+0) -> bc264-bc019 | E105: =OFFSET(plates!$B$14,CODE(LEFT(B105,1))-64,MID(B105,2,3)+0)&""
A106: 2 | B106: A02 | C106: ITS5-ITS4 | D106: =OFFSET(plates!$B$14,CODE(LEFT(B106,1))-64,-1)&"-"&OFFSET(plates!$B$4,-1,MID(B106,2,3)+0) -> bc168-bc062 | E106: =OFFSET(plates!$B$14,CODE(LEFT(B106,1))-64,MID(B106,2,3)+0)&""
A107: 2 | B107: B02 | C107: ITS5-ITS4 | D107: =OFFSET(plates!$B$14,CODE(LEFT(B107,1))-64,-1)&"-"&OFFSET(plates!$B$4,-1,MID(B107,2,3)+0) -> bc183-bc062 | E107: =OFFSET(plates!$B$14,CODE(LEFT(B107,1))-64,MID(B107,2,3)+0)&""
A108: 2 | B108: C02 | C108: ITS5-ITS4 | D108: =OFFSET(plates!$B$14,CODE(LEFT(B108,1))-64,-1)&"-"&OFFSET(plates!$B$4,-1,MID(B108,2,3)+0) -> bc192-bc062 | E108: =OFFSET(plates!$B$14,CODE(LEFT(B108,1))-64,MID(B108,2,3)+0)&""
A109: 2 | B109: D02 | C109: ITS5-ITS4 | D109: =OFFSET(plates!$B$14,CODE(LEFT(B109,1))-64,-1)&"-"&OFFSET(plates!$B$4,-1,MID(B109,2,3)+0) -> bc205-bc062 | E109: =OFFSET(plates!$B$14,CODE(LEFT(B109,1))-64,MID(B109,2,3)+0)&""
... A193: 2 | B193: H12 | C193: ITS5-ITS4 | D193: =OFFSET(plates!$B$14,CODE(LEFT(B193,1))-64,-1)&"-"&OFFSET(plates!$B$4,-1,MID(B193,2,3)+0) -> bc264-bc245 | E193: =OFFSET(plates!$B$14,CODE(LEFT(B193,1))-64,MID(B193,2,3)+0)&""
A194: 3 | B194: A01 | C194: ITS5-ITS4 | D194: =OFFSET(plates!$B$24,CODE(LEFT(B194,1))-64,-1)&"-"&OFFSET(plates!$B$4,-1,MID(B194,2,3)+0) -> bc272-bc019 | E194: =OFFSET(plates!$B$24,CODE(LEFT(B194,1))-64,MID(B194,2,3)+0)&""
A195: 3 | B195: B01 | C195: ITS5-ITS4 | D195: =OFFSET(plates!$B$24,CODE(LEFT(B195,1))-64,-1)&"-"&OFFSET(plates!$B$4,-1,MID(B195,2,3)+0) -> bc277-bc019 | E195: =OFFSET(plates!$B$24,CODE(LEFT(B195,1))-64,MID(B195,2,3)+0)&""
A196: 3 | B196: C01 | C196: ITS5-ITS4 | D196: =OFFSET(plates!$B$24,CODE(LEFT(B196,1))-64,-1)&"-"&OFFSET(plates!$B$4,-1,MID(B196,2,3)+0) -> bc282-bc019 | E196: =OFFSET(plates!$B$24,CODE(LEFT(B196,1))-64,MID(B196,2,3)+0)&""
A197: 3 | B197: D01 | C197: ITS5-ITS4 | D197: =OFFSET(plates!$B$24,CODE(LEFT(B197,1))-64,-1)&"-"&OFFSET(plates!$B$4,-1,MID(B197,2,3)+0) -> bc286-bc019 | E197: =OFFSET(plates!$B$24,CODE(LEFT(B197,1))-64,MID(B197,2,3)+0)&""
A198: 3 | B198: E01 | C198: ITS5-ITS4 | D198: =OFFSET(plates!$B$24,CODE(LEFT(B198,1))-64,-1)&"-"&OFFSET(plates!$B$4,-1,MID(B198,2,3)+0) -> bc298-bc019 | E198: =OFFSET(plates!$B$24,CODE(LEFT(B198,1))-64,MID(B198,2,3)+0)&""
A199: 3 | B199: F01 | C199: ITS5-ITS4 | D199: =OFFSET(plates!$B$24,CODE(LEFT(B199,1))-64,-1)&"-"&OFFSET(plates!$B$4,-1,MID(B199,2,3)+0) -> bc314-bc019 | E199: =OFFSET(plates!$B$24,CODE(LEFT(B199,1))-64,MID(B199,2,3)+0)&""
A200: 3 | B200: G01 | C200: ITS5-ITS4 | D200: =OFFSET(plates!$B$24,CODE(LEFT(B200,1))-64,-1)&"-"&OFFSET(plates!$B$4,-1,MID(B200,2,3)+0) -> bc321-bc019 | E200: =OFFSET(plates!$B$24,CODE(LEFT(B200,1))-64,MID(B200,2,3)+0)&""
A201: 3 | B201: H01 | C201: ITS5-ITS4 | D201: =OFFSET(plates!$B$24,CODE(LEFT(B201,1))-64,-1)&"-"&OFFSET(plates!$B$4,-1,MID(B201,2,3)+0) -> bc324-bc019 | E201: =OFFSET(plates!$B$24,CODE(LEFT(B201,1))-64,MID(B201,2,3)+0)&""
A202: 3 | B202: A02 | C202: ITS5-ITS4 | D202: =OFFSET(plates!$B$24,CODE(LEFT(B202,1))-64,-1)&"-"&OFFSET(plates!$B$4,-1,MID(B202,2,3)+0) -> bc272-bc062 | E202: =OFFSET(plates!$B$24,CODE(LEFT(B202,1))-64,MID(B202,2,3)+0)&""
A203: 3 | B203: B02 | C203: ITS5-ITS4 | D203: =OFFSET(plates!$B$24,CODE(LEFT(B203,1))-64,-1)&"-"&OFFSET(plates!$B$4,-1,MID(B203,2,3)+0) -> bc277-bc062 | E203: =OFFSET(plates!$B$24,CODE(LEFT(B203,1))-64,MID(B203,2,3)+0)&""
A204: 3 | B204: C02 | C204: ITS5-ITS4 | D204: =OFFSET(plates!$B$24,CODE(LEFT(B204,1))-64,-1)&"-"&OFFSET(plates!$B$4,-1,MID(B204,2,3)+0) -> bc282-bc062 | E204: =OFFSET(plates!$B$24,CODE(LEFT(B204,1))-64,MID(B204,2,3)+0)&""
A205: 3 | B205: D02 | C205: ITS5-ITS4 | D205: =OFFSET(plates!$B$24,CODE(LEFT(B205,1))-64,-1)&"-"&OFFSET(plates!$B$4,-1,MID(B205,2,3)+0) -> bc286-bc062 | E205: =OFFSET(plates!$B$24,CODE(LEFT(B205,1))-64,MID(B205,2,3)+0)&""
... A289: 3 | B289: H12 | C289: ITS5-ITS4 | D289: =OFFSET(plates!$B$24,CODE(LEFT(B289,1))-64,-1)&"-"&OFFSET(plates!$B$4,-1,MID(B289,2,3)+0) -> bc324-bc245 | E289: =OFFSET(plates!$B$24,CODE(LEFT(B289,1))-64,MID(B289,2,3)+0)&""
A290: 4 | B290: A01 | C290: ITS5-ITS4 | D290: =OFFSET(plates!$B$34,CODE(LEFT(B290,1))-64,-1)&"-"&OFFSET(plates!$B$4,-1,MID(B290,2,3)+0) -> bc327-bc019 | E290: =OFFSET(plates!$B$34,CODE(LEFT(B290,1))-64,MID(B290,2,3)+0)&""
A291: 4 | B291: B01 | C291: ITS5-ITS4 | D291: =OFFSET(plates!$B$34,CODE(LEFT(B291,1))-64,-1)&"-"&OFFSET(plates!$B$4,-1,MID(B291,2,3)+0) -> bc357-bc019 | E291: =OFFSET(plates!$B$34,CODE(LEFT(B291,1))-64,MID(B291,2,3)+0)&""
A292: 4 | B292: C01 | C292: ITS5-ITS4 | D292: =OFFSET(plates!$B$34,CODE(LEFT(B292,1))-64,-1)&"-"&OFFSET(plates!$B$4,-1,MID(B292,2,3)+0) -> bc361-bc019 | E292: =OFFSET(plates!$B$34,CODE(LEFT(B292,1))-64,MID(B292,2,3)+0)&""
A293: 4 | B293: D01 | C293: ITS5-ITS4 | D293: =OFFSET(plates!$B$34,CODE(LEFT(B293,1))-64,-1)&"-"&OFFSET(plates!$B$4,-1,MID(B293,2,3)+0) -> bc362-bc019 | E293: =OFFSET(plates!$B$34,CODE(LEFT(B293,1))-64,MID(B293,2,3)+0)&""
A294: 4 | B294: E01 | C294: ITS5-ITS4 | D294: =OFFSET(plates!$B$34,CODE(LEFT(B294,1))-64,-1)&"-"&OFFSET(plates!$B$4,-1,MID(B294,2,3)+0) -> bc368-bc019 | E294: =OFFSET(plates!$B$34,CODE(LEFT(B294,1))-64,MID(B294,2,3)+0)&""
A295: 4 | B295: F01 | C295: ITS5-ITS4 | D295: =OFFSET(plates!$B$34,CODE(LEFT(B295,1))-64,-1)&"-"&OFFSET(plates!$B$4,-1,MID(B295,2,3)+0) -> bc370-bc019 | E295: =OFFSET(plates!$B$34,CODE(LEFT(B295,1))-64,MID(B295,2,3)+0)&""
A296: 4 | B296: G01 | C296: ITS5-ITS4 | D296: =OFFSET(plates!$B$34,CODE(LEFT(B296,1))-64,-1)&"-"&OFFSET(plates!$B$4,-1,MID(B296,2,3)+0) -> bc377-bc019 | E296: =OFFSET(plates!$B$34,CODE(LEFT(B296,1))-64,MID(B296,2,3)+0)&""
A297: 4 | B297: H01 | C297: ITS5-ITS4 | D297: =OFFSET(plates!$B$34,CODE(LEFT(B297,1))-64,-1)&"-"&OFFSET(plates!$B$4,-1,MID(B297,2,3)+0) -> bc406-bc019 | E297: =OFFSET(plates!$B$34,CODE(LEFT(B297,1))-64,MID(B297,2,3)+0)&""
A298: 4 | B298: A02 | C298: ITS5-ITS4 | D298: =OFFSET(plates!$B$34,CODE(LEFT(B298,1))-64,-1)&"-"&OFFSET(plates!$B$4,-1,MID(B298,2,3)+0) -> bc327-bc062 | E298: =OFFSET(plates!$B$34,CODE(LEFT(B298,1))-64,MID(B298,2,3)+0)&""
A299: 4 | B299: B02 | C299: ITS5-ITS4 | D299: =OFFSET(plates!$B$34,CODE(LEFT(B299,1))-64,-1)&"-"&OFFSET(plates!$B$4,-1,MID(B299,2,3)+0) -> bc357-bc062 | E299: =OFFSET(plates!$B$34,CODE(LEFT(B299,1))-64,MID(B299,2,3)+0)&""
A300: 4 | B300: C02 | C300: ITS5-ITS4 | D300: =OFFSET(plates!$B$34,CODE(LEFT(B300,1))-64,-1)&"-"&OFFSET(plates!$B$4,-1,MID(B300,2,3)+0) -> bc361-bc062 | E300: =OFFSET(plates!$B$34,CODE(LEFT(B300,1))-64,MID(B300,2,3)+0)&""
A301: 4 | B301: D02 | C301: ITS5-ITS4 | D301: =OFFSET(plates!$B$34,CODE(LEFT(B301,1))-64,-1)&"-"&OFFSET(plates!$B$4,-1,MID(B301,2,3)+0) -> bc362-bc062 | E301: =OFFSET(plates!$B$34,CODE(LEFT(B301,1))-64,MID(B301,2,3)+0)&""
... A385: 4 | B385: H12 | C385: ITS5-ITS4 | D385: =OFFSET(plates!$B$34,CODE(LEFT(B385,1))-64,-1)&"-"&OFFSET(plates!$B$4,-1,MID(B385,2,3)+0) -> bc406-bc245 | E385: =OFFSET(plates!$B$34,CODE(LEFT(B385,1))-64,MID(B385,2,3)+0)&""
A386: 5 | B386: A01 | C386: ITS5-ITS4 | D386: =OFFSET(plates!$B$44,CODE(LEFT(B386,1))-64,-1)&"-"&OFFSET(plates!$B$4,-1,MID(B386,2,3)+0) -> bc411-bc019 | E386: =OFFSET(plates!$B$44,CODE(LEFT(B386,1))-64,MID(B386,2,3)+0)&""
A387: 5 | B387: B01 | C387: ITS5-ITS4 | D387: =OFFSET(plates!$B$44,CODE(LEFT(B387,1))-64,-1)&"-"&OFFSET(plates!$B$4,-1,MID(B387,2,3)+0) -> bc418-bc019 | E387: =OFFSET(plates!$B$44,CODE(LEFT(B387,1))-64,MID(B387,2,3)+0)&""
A388: 5 | B388: C01 | C388: ITS5-ITS4 | D388: =OFFSET(plates!$B$44,CODE(LEFT(B388,1))-64,-1)&"-"&OFFSET(plates!$B$4,-1,MID(B388,2,3)+0) -> bc449-bc019 | E388: =OFFSET(plates!$B$44,CODE(LEFT(B388,1))-64,MID(B388,2,3)+0)&""
A389: 5 | B389: D01 | C389: ITS5-ITS4 | D389: =OFFSET(plates!$B$44,CODE(LEFT(B389,1))-64,-1)&"-"&OFFSET(plates!$B$4,-1,MID(B389,2,3)+0) -> bc462-bc019 | E389: =OFFSET(plates!$B$44,CODE(LEFT(B389,1))-64,MID(B389,2,3)+0)&""
A390: 5 | B390: E01 | C390: ITS5-ITS4 | D390: =OFFSET(plates!$B$44,CODE(LEFT(B390,1))-64,-1)&"-"&OFFSET(plates!$B$4,-1,MID(B390,2,3)+0) -> bc485-bc019 | E390: =OFFSET(plates!$B$44,CODE(LEFT(B390,1))-64,MID(B390,2,3)+0)&""
A391: 5 | B391: F01 | C391: ITS5-ITS4 | D391: =OFFSET(plates!$B$44,CODE(LEFT(B391,1))-64,-1)&"-"&OFFSET(plates!$B$4,-1,MID(B391,2,3)+0) -> bc486-bc019 | E391: =OFFSET(plates!$B$44,CODE(LEFT(B391,1))-64,MID(B391,2,3)+0)&""
A392: 5 | B392: G01 | C392: ITS5-ITS4 | D392: =OFFSET(plates!$B$44,CODE(LEFT(B392,1))-64,-1)&"-"&OFFSET(plates!$B$4,-1,MID(B392,2,3)+0) -> bc494-bc019 | E392: =OFFSET(plates!$B$44,CODE(LEFT(B392,1))-64,MID(B392,2,3)+0)&""
A393: 5 | B393: H01 | C393: ITS5-ITS4 | D393: =OFFSET(plates!$B$44,CODE(LEFT(B393,1))-64,-1)&"-"&OFFSET(plates!$B$4,-1,MID(B393,2,3)+0) -> bc538-bc019 | E393: =OFFSET(plates!$B$44,CODE(LEFT(B393,1))-64,MID(B393,2,3)+0)&""
A394: 5 | B394: A02 | C394: ITS5-ITS4 | D394: =OFFSET(plates!$B$44,CODE(LEFT(B394,1))-64,-1)&"-"&OFFSET(plates!$B$4,-1,MID(B394,2,3)+0) -> bc411-bc062 | E394: =OFFSET(plates!$B$44,CODE(LEFT(B394,1))-64,MID(B394,2,3)+0)&""
A395: 5 | B395: B02 | C395: ITS5-ITS4 | D395: =OFFSET(plates!$B$44,CODE(LEFT(B395,1))-64,-1)&"-"&OFFSET(plates!$B$4,-1,MID(B395,2,3)+0) -> bc418-bc062 | E395: =OFFSET(plates!$B$44,CODE(LEFT(B395,1))-64,MID(B395,2,3)+0)&""
A396: 5 | B396: C02 | C396: ITS5-ITS4 | D396: =OFFSET(plates!$B$44,CODE(LEFT(B396,1))-64,-1)&"-"&OFFSET(plates!$B$4,-1,MID(B396,2,3)+0) -> bc449-bc062 | E396: =OFFSET(plates!$B$44,CODE(LEFT(B396,1))-64,MID(B396,2,3)+0)&""
A397: 5 | B397: D02 | C397: ITS5-ITS4 | D397: =OFFSET(plates!$B$44,CODE(LEFT(B397,1))-64,-1)&"-"&OFFSET(plates!$B$4,-1,MID(B397,2,3)+0) -> bc462-bc062 | E397: =OFFSET(plates!$B$44,CODE(LEFT(B397,1))-64,MID(B397,2,3)+0)&""
... A481: 5 | B481: H12 | C481: ITS5-ITS4 | D481: =OFFSET(plates!$B$44,CODE(LEFT(B481,1))-64,-1)&"-"&OFFSET(plates!$B$4,-1,MID(B481,2,3)+0) -> bc538-bc245 | E481: =OFFSET(plates!$B$44,CODE(LEFT(B481,1))-64,MID(B481,2,3)+0)&""
A482: 6 | B482: A01 | C482: ITS5-ITS4 | D482: =OFFSET(plates!$B$55,CODE(LEFT(B482,1))-64,-1)&"-"&OFFSET(plates!$B$55,-1,MID(B482,2,3)+0) -> bc018-bc247 | E482: =OFFSET(plates!$B$55,CODE(LEFT(B482,1))-64,MID(B482,2,3)+0)&""
A483: 6 | B483: B01 | C483: ITS5-ITS4 | D483: =OFFSET(plates!$B$55,CODE(LEFT(B483,1))-64,-1)&"-"&OFFSET(plates!$B$55,-1,MID(B483,2,3)+0) -> bc060-bc247 | E483: =OFFSET(plates!$B$55,CODE(LEFT(B483,1))-64,MID(B483,2,3)+0)&""
A484: 6 | B484: C01 | C484: ITS5-ITS4 | D484: =OFFSET(plates!$B$55,CODE(LEFT(B484,1))-64,-1)&"-"&OFFSET(plates!$B$55,-1,MID(B484,2,3)+0) -> bc061-bc247 | E484: =OFFSET(plates!$B$55,CODE(LEFT(B484,1))-64,MID(B484,2,3)+0)&""
A485: 6 | B485: D01 | C485: ITS5-ITS4 | D485: =OFFSET(plates!$B$55,CODE(LEFT(B485,1))-64,-1)&"-"&OFFSET(plates!$B$55,-1,MID(B485,2,3)+0) -> bc062-bc247 | E485: =OFFSET(plates!$B$55,CODE(LEFT(B485,1))-64,MID(B485,2,3)+0)&""
A486: 6 | B486: E01 | C486: ITS5-ITS4 | D486: =OFFSET(plates!$B$55,CODE(LEFT(B486,1))-64,-1)&"-"&OFFSET(plates!$B$55,-1,MID(B486,2,3)+0) -> bc095-bc247 | E486: =OFFSET(plates!$B$55,CODE(LEFT(B486,1))-64,MID(B486,2,3)+0)&""
A487: 6 | B487: F01 | C487: ITS5-ITS4 | D487: =OFFSET(plates!$B$55,CODE(LEFT(B487,1))-64,-1)&"-"&OFFSET(plates!$B$55,-1,MID(B487,2,3)+0) -> bc139-bc247 | E487: =OFFSET(plates!$B$55,CODE(LEFT(B487,1))-64,MID(B487,2,3)+0)&""
A488: 6 | B488: G01 | C488: ITS5-ITS4 | D488: =OFFSET(plates!$B$55,CODE(LEFT(B488,1))-64,-1)&"-"&OFFSET(plates!$B$55,-1,MID(B488,2,3)+0) -> bc148-bc247 | E488: =OFFSET(plates!$B$55,CODE(LEFT(B488,1))-64,MID(B488,2,3)+0)&""
A489: 6 | B489: H01 | C489: ITS5-ITS4 | D489: =OFFSET(plates!$B$55,CODE(LEFT(B489,1))-64,-1)&"-"&OFFSET(plates!$B$55,-1,MID(B489,2,3)+0) -> bc157-bc247 | E489: =OFFSET(plates!$B$55,CODE(LEFT(B489,1))-64,MID(B489,2,3)+0)&""
A490: 6 | B490: A02 | C490: ITS5-ITS4 | D490: =OFFSET(plates!$B$55,CODE(LEFT(B490,1))-64,-1)&"-"&OFFSET(plates!$B$55,-1,MID(B490,2,3)+0) -> bc018-bc286 | E490: =OFFSET(plates!$B$55,CODE(LEFT(B490,1))-64,MID(B490,2,3)+0)&""
A491: 6 | B491: B02 | C491: ITS5-ITS4 | D491: =OFFSET(plates!$B$55,CODE(LEFT(B491,1))-64,-1)&"-"&OFFSET(plates!$B$55,-1,MID(B491,2,3)+0) -> bc060-bc286 | E491: =OFFSET(plates!$B$55,CODE(LEFT(B491,1))-64,MID(B491,2,3)+0)&""
A492: 6 | B492: C02 | C492: ITS5-ITS4 | D492: =OFFSET(plates!$B$55,CODE(LEFT(B492,1))-64,-1)&"-"&OFFSET(plates!$B$55,-1,MID(B492,2,3)+0) -> bc061-bc286 | E492: =OFFSET(plates!$B$55,CODE(LEFT(B492,1))-64,MID(B492,2,3)+0)&""
A493: 6 | B493: D02 | C493: ITS5-ITS4 | D493: =OFFSET(plates!$B$55,CODE(LEFT(B493,1))-64,-1)&"-"&OFFSET(plates!$B$55,-1,MID(B493,2,3)+0) -> bc062-bc286 | E493: =OFFSET(plates!$B$55,CODE(LEFT(B493,1))-64,MID(B493,2,3)+0)&""
... A577: 6 | B577: H12 | C577: ITS5-ITS4 | D577: =OFFSET(plates!$B$55,CODE(LEFT(B577,1))-64,-1)&"-"&OFFSET(plates!$B$55,-1,MID(B577,2,3)+0) -> bc157-bc397 | E577: =OFFSET(plates!$B$55,CODE(LEFT(B577,1))-64,MID(B577,2,3)+0)&""
A578: 7 | B578: A01 | C578: ITS5-ITS4 | D578: =OFFSET(plates!$B$65,CODE(LEFT(B578,1))-64,-1)&"-"&OFFSET(plates!$B$55,-1,MID(B578,2,3)+0) -> bc168-bc247 | E578: =OFFSET(plates!$B$65,CODE(LEFT(B578,1))-64,MID(B578,2,3)+0)&""
A579: 7 | B579: B01 | C579: ITS5-ITS4 | D579: =OFFSET(plates!$B$65,CODE(LEFT(B579,1))-64,-1)&"-"&OFFSET(plates!$B$55,-1,MID(B579,2,3)+0) -> bc183-bc247 | E579: =OFFSET(plates!$B$65,CODE(LEFT(B579,1))-64,MID(B579,2,3)+0)&""
A580: 7 | B580: C01 | C580: ITS5-ITS4 | D580: =OFFSET(plates!$B$65,CODE(LEFT(B580,1))-64,-1)&"-"&OFFSET(plates!$B$55,-1,MID(B580,2,3)+0) -> bc192-bc247 | E580: =OFFSET(plates!$B$65,CODE(LEFT(B580,1))-64,MID(B580,2,3)+0)&""
A581: 7 | B581: D01 | C581: ITS5-ITS4 | D581: =OFFSET(plates!$B$65,CODE(LEFT(B581,1))-64,-1)&"-"&OFFSET(plates!$B$55,-1,MID(B581,2,3)+0) -> bc205-bc247 | E581: =OFFSET(plates!$B$65,CODE(LEFT(B581,1))-64,MID(B581,2,3)+0)&""
A582: 7 | B582: E01 | C582: ITS5-ITS4 | D582: =OFFSET(plates!$B$65,CODE(LEFT(B582,1))-64,-1)&"-"&OFFSET(plates!$B$55,-1,MID(B582,2,3)+0) -> bc219-bc247 | E582: =OFFSET(plates!$B$65,CODE(LEFT(B582,1))-64,MID(B582,2,3)+0)&""
A583: 7 | B583: F01 | C583: ITS5-ITS4 | D583: =OFFSET(plates!$B$65,CODE(LEFT(B583,1))-64,-1)&"-"&OFFSET(plates!$B$55,-1,MID(B583,2,3)+0) -> bc220-bc247 | E583: =OFFSET(plates!$B$65,CODE(LEFT(B583,1))-64,MID(B583,2,3)+0)&""
A584: 7 | B584: G01 | C584: ITS5-ITS4 | D584: =OFFSET(plates!$B$65,CODE(LEFT(B584,1))-64,-1)&"-"&OFFSET(plates!$B$55,-1,MID(B584,2,3)+0) -> bc258-bc247 | E584: =OFFSET(plates!$B$65,CODE(LEFT(B584,1))-64,MID(B584,2,3)+0)&""
A585: 7 | B585: H01 | C585: ITS5-ITS4 | D585: =OFFSET(plates!$B$65,CODE(LEFT(B585,1))-64,-1)&"-"&OFFSET(plates!$B$55,-1,MID(B585,2,3)+0) -> bc264-bc247 | E585: =OFFSET(plates!$B$65,CODE(LEFT(B585,1))-64,MID(B585,2,3)+0)&""
A586: 7 | B586: A02 | C586: ITS5-ITS4 | D586: =OFFSET(plates!$B$65,CODE(LEFT(B586,1))-64,-1)&"-"&OFFSET(plates!$B$55,-1,MID(B586,2,3)+0) -> bc168-bc286 | E586: =OFFSET(plates!$B$65,CODE(LEFT(B586,1))-64,MID(B586,2,3)+0)&""
A587: 7 | B587: B02 | C587: ITS5-ITS4 | D587: =OFFSET(plates!$B$65,CODE(LEFT(B587,1))-64,-1)&"-"&OFFSET(plates!$B$55,-1,MID(B587,2,3)+0) -> bc183-bc286 | E587: =OFFSET(plates!$B$65,CODE(LEFT(B587,1))-64,MID(B587,2,3)+0)&""
A588: 7 | B588: C02 | C588: ITS5-ITS4 | D588: =OFFSET(plates!$B$65,CODE(LEFT(B588,1))-64,-1)&"-"&OFFSET(plates!$B$55,-1,MID(B588,2,3)+0) -> bc192-bc286 | E588: =OFFSET(plates!$B$65,CODE(LEFT(B588,1))-64,MID(B588,2,3)+0)&""
A589: 7 | B589: D02 | C589: ITS5-ITS4 | D589: =OFFSET(plates!$B$65,CODE(LEFT(B589,1))-64,-1)&"-"&OFFSET(plates!$B$55,-1,MID(B589,2,3)+0) -> bc205-bc286 | E589: =OFFSET(plates!$B$65,CODE(LEFT(B589,1))-64,MID(B589,2,3)+0)&""
... A673: 7 | B673: H12 | C673: ITS5-ITS4 | D673: =OFFSET(plates!$B$65,CODE(LEFT(B673,1))-64,-1)&"-"&OFFSET(plates!$B$55,-1,MID(B673,2,3)+0) -> bc264-bc397 | E673: =OFFSET(plates!$B$65,CODE(LEFT(B673,1))-64,MID(B673,2,3)+0)&""
A674: 8 | B674: A01 | C674: ITS5-ITS4 | D674: =OFFSET(plates!$B$75,CODE(LEFT(B674,1))-64,-1)&"-"&OFFSET(plates!$B$55,-1,MID(B674,2,3)+0) -> bc272-bc247 | E674: =OFFSET(plates!$B$75,CODE(LEFT(B674,1))-64,MID(B674,2,3)+0)&""
A675: 8 | B675: B01 | C675: ITS5-ITS4 | D675: =OFFSET(plates!$B$75,CODE(LEFT(B675,1))-64,-1)&"-"&OFFSET(plates!$B$55,-1,MID(B675,2,3)+0) -> bc277-bc247 | E675: =OFFSET(plates!$B$75,CODE(LEFT(B675,1))-64,MID(B675,2,3)+0)&""
A676: 8 | B676: C01 | C676: ITS5-ITS4 | D676: =OFFSET(plates!$B$75,CODE(LEFT(B676,1))-64,-1)&"-"&OFFSET(plates!$B$55,-1,MID(B676,2,3)+0) -> bc282-bc247 | E676: =OFFSET(plates!$B$75,CODE(LEFT(B676,1))-64,MID(B676,2,3)+0)&""
A677: 8 | B677: D01 | C677: ITS5-ITS4 | D677: =OFFSET(plates!$B$75,CODE(LEFT(B677,1))-64,-1)&"-"&OFFSET(plates!$B$55,-1,MID(B677,2,3)+0) -> bc286-bc247 | E677: =OFFSET(plates!$B$75,CODE(LEFT(B677,1))-64,MID(B677,2,3)+0)&""
A678: 8 | B678: E01 | C678: ITS5-ITS4 | D678: =OFFSET(plates!$B$75,CODE(LEFT(B678,1))-64,-1)&"-"&OFFSET(plates!$B$55,-1,MID(B678,2,3)+0) -> bc298-bc247 | E678: =OFFSET(plates!$B$75,CODE(LEFT(B678,1))-64,MID(B678,2,3)+0)&""
A679: 8 | B679: F01 | C679: ITS5-ITS4 | D679: =OFFSET(plates!$B$75,CODE(LEFT(B679,1))-64,-1)&"-"&OFFSET(plates!$B$55,-1,MID(B679,2,3)+0) -> bc314-bc247 | E679: =OFFSET(plates!$B$75,CODE(LEFT(B679,1))-64,MID(B679,2,3)+0)&""
A680: 8 | B680: G01 | C680: ITS5-ITS4 | D680: =OFFSET(plates!$B$75,CODE(LEFT(B680,1))-64,-1)&"-"&OFFSET(plates!$B$55,-1,MID(B680,2,3)+0) -> bc321-bc247 | E680: =OFFSET(plates!$B$75,CODE(LEFT(B680,1))-64,MID(B680,2,3)+0)&""
A681: 8 | B681: H01 | C681: ITS5-ITS4 | D681: =OFFSET(plates!$B$75,CODE(LEFT(B681,1))-64,-1)&"-"&OFFSET(plates!$B$55,-1,MID(B681,2,3)+0) -> bc324-bc247 | E681: =OFFSET(plates!$B$75,CODE(LEFT(B681,1))-64,MID(B681,2,3)+0)&""
...

Sheet primers
A1: primer-index | B1: index_seq | C1: primer_seq
A2: ITS5-bc018 | B2: AACGTCACT | C2: GGAAGTAAAAGTCGTAACAAGG
A3: ITS5-bc060 | B3: ACACTCTAG | C3: GGAAGTAAAAGTCGTAACAAGG
A4: ITS5-bc061 | B4: ACAGATGAG | C4: GGAAGTAAAAGTCGTAACAAGG
A5: ITS5-bc062 | B5: ACAGTCCTT | C5: GGAAGTAAAAGTCGTAACAAGG
A6: ITS5-bc095 | B6: ACTCCACAT | C6: GGAAGTAAAAGTCGTAACAAGG
A7: ITS5-bc139 | B7: AGTCGCTAT | C7: GGAAGTAAAAGTCGTAACAAGG
A8: ITS5-bc148 | B8: ATACCGTCG | C8: GGAAGTAAAAGTCGTAACAAGG
A9: ITS5-bc157 | B9: ATCGCAGAG | C9: GGAAGTAAAAGTCGTAACAAGG
A10: ITS5-bc168 | B10: ATGTGCAAG | C10: GGAAGTAAAAGTCGTAACAAGG
A11: ITS5-bc183 | B11: CAAGTCTGG | C11: GGAAGTAAAAGTCGTAACAAGG
A12: ITS5-bc192 | B12: CACCGATTG | C12: GGAAGTAAAAGTCGTAACAAGG
... A77: ITS4-bc538 | B77: TTAAGGTGG | C77: TCCTCCGCTTATTGATATGC
